{"cameraMode":{"drawMode":0,"name":"Shaded","section":"Shading Mode"},"sceneLighting":false,"audioPlay":false,"sceneViewState":{"showFog":true,"showMaterialUpdate":false,"showSkybox":false,"showFlares":true,"showImageEffects":true,"showParticleSystems":true},"in2DMode":false,"pivot":{"x":-13.464529037475586,"y":-13.64035701751709,"z":-7.175868988037109},"rotation":{"x":0.17515769600868226,"y":-0.778750479221344,"z":0.24859701097011567,"w":0.5486958026885986},"size":6.942842960357666,"orthographic":true}